prenom,nom,email,username,pays
Edita,Storror,estorror0@baidu.com,estorror0,Sweden
Elden,Rubinovitsch,erubinovitsch1@hexun.com,erubinovitsch1,Poland
Abbe,Hackford,ahackford2@usnews.com,ahackford2,Serbia
Lishe,Simanenko,lsimanenko3@squarespace.com,lsimanenko3,Philippines
Ogden,Hugo,ohugo4@phpbb.com,ohugo4,Indonesia
Minnnie,Patemore,mpatemore5@geocities.com,mpatemore5,Nigeria
Yettie,Trussell,ytrussell6@buzzfeed.com,ytrussell6,Palestinian Territory
Haze,Huckleby,hhuckleby7@wisc.edu,hhuckleby7,Poland
Hesther,Mushawe,hmushawe8@seesaa.net,hmushawe8,Sweden
Mandie,Rawling,mrawling9@linkedin.com,mrawling9,Poland
Glenn,Rainer,grainera@woothemes.com,grainera,Portugal
Town,Shears,tshearsb@apple.com,tshearsb,Armenia
Anstice,Soanes,asoanesc@bloglines.com,asoanesc,China
George,Braidwood,gbraidwoodd@1und1.de,gbraidwoodd,China
Max,Hurle,mhurlee@epa.gov,mhurlee,China
